{"model": {"weights": [0.9713326421909037, 0.12289612047886257, 0.12289612047886257, -0.1173741580924325, -0.13167284780401728, 0.0, 0.0, 0.0, 0.0, 0.0, 0.0, 0.0, 0.0, 0.0, 0.0, 0.0, 0.0, 0.0, 0.0, 0.19805119765130705, 0.9750817846157501, -0.24353610838622816, 0.04989010112409568, 0.2756515918841747, -0.03273437128820044, 0.0437237980661667, 0.13312518735610337, -0.012162866233846069, 0.18102140294101796, -0.20898871266326688, -0.9459124863380536, 1.038907497738061, 1.0973551134151083, -1.0043601020151012, 0.09299501140000843, 0.09299501140000843, 0.09299501140000843], "bias": 0.09429836067336021, "encoder": {"numeric_cols": ["confidence", "risk_percent", "risk_used", "target_used", "trade_duration", "indicator_score", "indicator_confluence", "ai_quality_score", "ai_uncertainty_score", "stat_win_probability", "ml_win_probability", "meta_quality_probability", "relative_score", "oi_pcr", "iv_score", "spread_pct", "estimated_slippage_pct", "liquidity_score", "allocation_weight", "hour", "weekday"], "cat_cols": ["regime", "iv_regime", "index_name", "direction", "structure_bias", "option_type", "oi_bias"], "means": {"confidence": 43.2015625, "risk_percent": 0.6588085937500001, "risk_used": 0.6588085937500001, "target_used": 1.81453125, "trade_duration": 18.002935203385416, "indicator_score": 0.0, "indicator_confluence": 0.0, "ai_quality_score": 0.0, "ai_uncertainty_score": 0.0, "stat_win_probability": 0.0, "ml_win_probability": 0.0, "meta_quality_probability": 0.0, "relative_score": 0.0, "oi_pcr": 0.0, "iv_score": 0.0, "spread_pct": 0.0, "estimated_slippage_pct": 0.0, "liquidity_score": 0.0, "allocation_weight": 0.0, "hour": 8.15625, "weekday": 3.5}, "stds": {"confidence": 9.934328844131008, "risk_percent": 0.1573008992382614, "risk_used": 0.1573008992382614, "target_used": 0.5504224342727989, "trade_duration": 44.55154439030345, "indicator_score": 1.0, "indicator_confluence": 1.0, "ai_quality_score": 1.0, "ai_uncertainty_score": 1.0, "stat_win_probability": 1.0, "ml_win_probability": 1.0, "meta_quality_probability": 1.0, "relative_score": 1.0, "oi_pcr": 1.0, "iv_score": 1.0, "spread_pct": 1.0, "estimated_slippage_pct": 1.0, "liquidity_score": 1.0, "allocation_weight": 1.0, "hour": 3.061376130031037, "weekday": 1.140871290543899}, "cat_columns": ["regime_DOWNTREND_HIGH_VOL", "regime_DOWNTREND_LOW_VOL", "regime_RANGE_HIGH_VOL", "regime_RANGE_NORMAL_VOL", "regime_UNKNOWN", "iv_regime_HIGH_IV", "iv_regime_LOW_IV", "iv_regime_NORMAL_IV", "iv_regime_UNKNOWN", "index_name_BANKNIFTY", "index_name_NIFTY", "direction_Bearish", "direction_Transition", "structure_bias_UNKNOWN", "option_type_UNKNOWN", "oi_bias_UNKNOWN"]}}, "meta_model": {"weights": [0.9007998895053635, 0.4710657522141061, 0.4710657522141061, 0.42993798819173473, -0.6169215107963144, 0.0, 0.0, 0.0, 0.0, 0.0, 0.0, 0.0, 0.0, 0.0, 0.0, 0.0, 0.0, 0.0, 0.0, 0.564850932141592, 0.7508631001601674, -0.19208630055052867, 0.057217204431668334, -0.022657136226654048, -0.10591926006080084, 0.1737050475155106, -0.014867728055471678, -0.04245702265805315, -0.04400773128991966, 0.01159203711263983, -1.1674032829167431, 1.077662838025938, 0.784244055471967, -0.8739845003627706, -0.08974044489080471, -0.08974044489080471, -0.08974044489080471], "bias": -0.09086228648524086, "encoder": {"numeric_cols": ["confidence", "risk_percent", "risk_used", "target_used", "trade_duration", "indicator_score", "indicator_confluence", "ai_quality_score", "ai_uncertainty_score", "stat_win_probability", "ml_win_probability", "meta_quality_probability", "relative_score", "oi_pcr", "iv_score", "spread_pct", "estimated_slippage_pct", "liquidity_score", "allocation_weight", "hour", "weekday"], "cat_cols": ["regime", "iv_regime", "index_name", "direction", "structure_bias", "option_type", "oi_bias"], "means": {"confidence": 43.2015625, "risk_percent": 0.6588085937500001, "risk_used": 0.6588085937500001, "target_used": 1.81453125, "trade_duration": 18.002935203385416, "indicator_score": 0.0, "indicator_confluence": 0.0, "ai_quality_score": 0.0, "ai_uncertainty_score": 0.0, "stat_win_probability": 0.0, "ml_win_probability": 0.0, "meta_quality_probability": 0.0, "relative_score": 0.0, "oi_pcr": 0.0, "iv_score": 0.0, "spread_pct": 0.0, "estimated_slippage_pct": 0.0, "liquidity_score": 0.0, "allocation_weight": 0.0, "hour": 8.15625, "weekday": 3.5}, "stds": {"confidence": 9.934328844131008, "risk_percent": 0.1573008992382614, "risk_used": 0.1573008992382614, "target_used": 0.5504224342727989, "trade_duration": 44.55154439030345, "indicator_score": 1.0, "indicator_confluence": 1.0, "ai_quality_score": 1.0, "ai_uncertainty_score": 1.0, "stat_win_probability": 1.0, "ml_win_probability": 1.0, "meta_quality_probability": 1.0, "relative_score": 1.0, "oi_pcr": 1.0, "iv_score": 1.0, "spread_pct": 1.0, "estimated_slippage_pct": 1.0, "liquidity_score": 1.0, "allocation_weight": 1.0, "hour": 3.061376130031037, "weekday": 1.140871290543899}, "cat_columns": ["regime_DOWNTREND_HIGH_VOL", "regime_DOWNTREND_LOW_VOL", "regime_RANGE_HIGH_VOL", "regime_RANGE_NORMAL_VOL", "regime_UNKNOWN", "iv_regime_HIGH_IV", "iv_regime_LOW_IV", "iv_regime_NORMAL_IV", "iv_regime_UNKNOWN", "index_name_BANKNIFTY", "index_name_NIFTY", "direction_Bearish", "direction_Transition", "structure_bias_UNKNOWN", "option_type_UNKNOWN", "oi_bias_UNKNOWN"]}}, "metadata": {"version": "2026-03-14T00:22:29.562090", "samples_total": 79, "samples_train": 64, "samples_valid": 15, "training_source": "trades_fallback", "metrics": {"win_model": {"accuracy": 0.1333, "brier": 0.7975, "score": -0.1458}, "meta_model": {"accuracy": 1.0, "brier": 0.0, "score": 1.0}}, "regime_profiles": {"RANGE_NORMAL_VOL": {"sample_size": 10, "win_probability": 20.0, "expectancy_r": -0.572, "avg_pnl": -2039.26, "quality_probability": 0.0}, "UNKNOWN": {"sample_size": 60, "win_probability": 73.33, "expectancy_r": 0.773, "avg_pnl": 250.22, "quality_probability": 51.67}}, "last_train_time_utc": "2026-03-14T00:22:29.562090"}}